trial_id,p,accuracy,precision,recall,fpr,balanced_accuracy,f1
0,1,0.2318840579710145,0.1111111111111111,1.0,0.8496993987975952,0.5751503006012024,0.19999999999999998
0,2,0.8677536231884058,0.42063492063492064,1.0,0.1462925851703407,0.9268537074148296,0.5921787709497206
0,3,0.9655797101449275,0.7361111111111112,1.0,0.03807615230460922,0.9809619238476954,0.8480000000000001
0,4,0.9891304347826086,0.8983050847457628,1.0,0.012024048096192385,0.9939879759519038,0.9464285714285715
0,5,0.9909420289855072,0.9137931034482759,1.0,0.01002004008016032,0.9949899799599198,0.9549549549549551
0,6,0.9909420289855072,0.9137931034482759,1.0,0.01002004008016032,0.9949899799599198,0.9549549549549551
0,7,0.9909420289855072,0.9137931034482759,1.0,0.01002004008016032,0.9949899799599198,0.9549549549549551
1,1,0.39826839826839827,0.14984709480122324,1.0,0.6731234866828087,0.6634382566585957,0.26063829787234044
1,2,0.8376623376623377,0.39166666666666666,0.9591836734693877,0.17675544794188863,0.8912141127637496,0.5562130177514794
1,3,0.9567099567099567,0.7230769230769231,0.9591836734693877,0.043583535108958835,0.9578000691802144,0.8245614035087718
1,4,0.9826839826839827,0.8867924528301887,0.9591836734693877,0.014527845036319613,0.972327914216534,0.9215686274509803
1,5,0.9891774891774892,0.94,0.9591836734693877,0.007263922518159807,0.975959875475614,0.9494949494949495
1,6,0.9891774891774892,0.94,0.9591836734693877,0.007263922518159807,0.975959875475614,0.9494949494949495
1,7,0.987012987012987,0.9215686274509803,0.9591836734693877,0.009685230024213076,0.9747492217225873,0.9400000000000001
2,1,0.8874458874458875,0.38666666666666666,0.8285714285714286,0.10772833723653395,0.8604215456674473,0.5272727272727272
2,2,0.9372294372294372,0.5652173913043478,0.7428571428571429,0.0468384074941452,0.8480093676814988,0.6419753086419753
2,3,0.9415584415584416,0.6052631578947368,0.6571428571428571,0.0351288056206089,0.8110070257611242,0.6301369863013698
2,4,0.9458874458874459,0.6388888888888888,0.6571428571428571,0.03044496487119438,0.8133489461358314,0.647887323943662
2,5,0.948051948051948,0.6571428571428571,0.6571428571428571,0.02810304449648712,0.8145199063231849,0.6571428571428571
2,6,0.9502164502164502,0.6764705882352942,0.6571428571428571,0.02576112412177986,0.8156908665105387,0.6666666666666666
2,7,0.9523809523809523,0.696969696969697,0.6571428571428571,0.0234192037470726,0.8168618266978922,0.676470588235294
3,1,0.6404761904761904,0.19680851063829788,1.0,0.39425587467362927,0.8028720626631853,0.3288888888888889
3,2,0.9,0.46835443037974683,1.0,0.10966057441253264,0.9451697127937337,0.6379310344827586
3,3,0.9523809523809523,0.660377358490566,0.9459459459459459,0.04699738903394256,0.9494742784560017,0.7777777777777778
3,4,0.9761904761904762,0.813953488372093,0.9459459459459459,0.020887728459530026,0.962529108743208,0.875
3,5,0.9880952380952381,0.9444444444444444,0.918918918918919,0.005221932114882507,0.9568484934020183,0.9315068493150684
3,6,0.9904761904761905,0.9714285714285714,0.918918918918919,0.0026109660574412533,0.9581539764307389,0.9444444444444445
3,7,0.9928571428571429,1.0,0.918918918918919,0.0,0.9594594594594594,0.9577464788732395
4,1,0.7193675889328063,0.18857142857142858,1.0,0.30021141649048627,0.849894291754757,0.31730769230769235
4,2,0.9446640316205533,0.5423728813559322,0.9696969696969697,0.05708245243128964,0.95630725863284,0.6956521739130436
4,3,0.9861660079051383,0.8421052631578947,0.9696969696969697,0.012684989429175475,0.978505990133897,0.9014084507042254
4,4,0.9960474308300395,0.9696969696969697,0.9696969696969697,0.0021141649048625794,0.9837914023960536,0.9696969696969697
4,5,0.9960474308300395,0.9696969696969697,0.9696969696969697,0.0021141649048625794,0.9837914023960536,0.9696969696969697
4,6,0.9980237154150198,1.0,0.9696969696969697,0.0,0.9848484848484849,0.9846153846153847
4,7,0.9980237154150198,1.0,0.9696969696969697,0.0,0.9848484848484849,0.9846153846153847
5,1,0.21666666666666667,0.11487758945386065,1.0,0.8719851576994434,0.5640074211502784,0.20608108108108109
5,2,0.7666666666666667,0.3034825870646766,1.0,0.2597402597402597,0.8701298701298701,0.46564885496183206
5,3,0.9416666666666667,0.6354166666666666,1.0,0.06493506493506493,0.9675324675324675,0.7770700636942676
5,4,0.98,0.8450704225352113,0.9836065573770492,0.02040816326530612,0.9815991970558715,0.9090909090909091
5,5,0.9883333333333333,0.9090909090909091,0.9836065573770492,0.011131725417439703,0.9862374159798047,0.9448818897637795
5,6,0.9916666666666667,0.9375,0.9836065573770492,0.0074211502782931356,0.9880927035493781,0.96
5,7,0.9916666666666667,0.9375,0.9836065573770492,0.0074211502782931356,0.9880927035493781,0.96
6,1,0.6209150326797386,0.2,1.0,0.4187725631768953,0.7906137184115524,0.33333333333333337
6,2,0.9248366013071896,0.5576923076923077,1.0,0.08303249097472924,0.9584837545126355,0.7160493827160493
6,3,0.9934640522875817,0.9354838709677419,1.0,0.007220216606498195,0.9963898916967509,0.9666666666666666
6,4,0.9967320261437909,0.9666666666666667,1.0,0.0036101083032490976,0.9981949458483754,0.983050847457627
6,5,0.9967320261437909,0.9666666666666667,1.0,0.0036101083032490976,0.9981949458483754,0.983050847457627
6,6,1.0,1.0,1.0,0.0,1.0,1.0
6,7,1.0,1.0,1.0,0.0,1.0,1.0
7,1,0.8842105263157894,0.38571428571428573,0.9642857142857143,0.12215909090909091,0.9210633116883117,0.5510204081632653
7,2,0.9368421052631579,0.5476190476190477,0.8214285714285714,0.05397727272727273,0.8837256493506493,0.6571428571428571
7,3,0.9526315789473684,0.65625,0.75,0.03125,0.859375,0.7
7,4,0.9657894736842105,0.7777777777777778,0.75,0.017045454545454544,0.8664772727272727,0.7636363636363638
7,5,0.968421052631579,0.8076923076923077,0.75,0.014204545454545454,0.8678977272727273,0.7777777777777779
7,6,0.9710526315789474,0.84,0.75,0.011363636363636364,0.8693181818181819,0.7924528301886793
7,7,0.9710526315789474,0.84,0.75,0.011363636363636364,0.8693181818181819,0.7924528301886793
8,1,0.8823529411764706,0.41935483870967744,1.0,0.12857142857142856,0.9357142857142857,0.5909090909090909
8,2,0.9281045751633987,0.5434782608695652,0.9615384615384616,0.075,0.9432692307692307,0.6944444444444445
8,3,0.9673202614379085,0.75,0.9230769230769231,0.02857142857142857,0.9472527472527472,0.8275862068965517
8,4,0.9705882352941176,0.7741935483870968,0.9230769230769231,0.025,0.9490384615384615,0.8421052631578947
8,5,0.9771241830065359,0.8275862068965517,0.9230769230769231,0.017857142857142856,0.9526098901098901,0.8727272727272727
8,6,0.9803921568627451,0.8571428571428571,0.9230769230769231,0.014285714285714285,0.9543956043956044,0.888888888888889
8,7,0.9869281045751634,0.9230769230769231,0.9230769230769231,0.007142857142857143,0.957967032967033,0.9230769230769231
9,1,0.6902173913043478,0.18269230769230768,0.9743589743589743,0.3313840155945419,0.8214874793822162,0.3076923076923077
9,2,0.9365942028985508,0.5285714285714286,0.9487179487179487,0.06432748538011696,0.9421952316689158,0.6788990825688073
9,3,0.9692028985507246,0.7115384615384616,0.9487179487179487,0.029239766081871343,0.9597390913180386,0.8131868131868132
9,4,0.9873188405797102,0.8809523809523809,0.9487179487179487,0.009746588693957114,0.9694856800119958,0.9135802469135802
9,5,0.9945652173913043,0.9736842105263158,0.9487179487179487,0.001949317738791423,0.9733843154895786,0.9610389610389611
9,6,0.9945652173913043,0.9736842105263158,0.9487179487179487,0.001949317738791423,0.9733843154895786,0.9610389610389611
9,7,0.9945652173913043,0.9736842105263158,0.9487179487179487,0.001949317738791423,0.9733843154895786,0.9610389610389611
