method,scenario,repeat,n_values,n_nonfinite,max_abs_finite,truth_edges,passes_qc
fast_gcstar_cgc,order1_unconfounded,0,20000,0,9.249831011706583,11,True
fast_gcstar_cgc,order1_unconfounded,1,20000,0,6.773419336321764,13,True
fast_gcstar_cgc,order1_unconfounded,2,20000,0,4.2188247639253,7,True
fast_gcstar_cgc,order1_unconfounded,3,20000,0,4.040268605198719,11,True
fast_gcstar_cgc,order1_unconfounded,4,20000,0,7.605818884398244,12,True
fast_gcstar_cgc,order1_unconfounded,5,20000,0,4.796604459616288,12,True
fast_gcstar_cgc,order1_unconfounded,6,20000,0,5.584083805081599,12,True
fast_gcstar_cgc,order1_unconfounded,7,20000,0,7.4433028117956885,12,True
fast_gcstar_cgc,order1_unconfounded,8,20000,0,4.352222785478945,14,True
fast_gcstar_cgc,order1_unconfounded,9,20000,0,6.737062703890352,13,True
fast_gcstar_cgc,order3_unconfounded,0,20000,0,5.615186809795928,20,True
fast_gcstar_cgc,order3_unconfounded,1,20000,0,4.010829651620106,17,True
fast_gcstar_cgc,order3_unconfounded,2,20000,0,4.396307170795328,19,True
fast_gcstar_cgc,order3_unconfounded,3,20000,0,5.966557095214817,23,True
fast_gcstar_cgc,order3_unconfounded,4,20000,0,1.245201375105794e+157,23,False
fast_gcstar_cgc,order3_unconfounded,5,20000,0,8.312056893790434,24,True
fast_gcstar_cgc,order3_unconfounded,6,20000,13924,1.4837107086648244e+308,23,False
fast_gcstar_cgc,order3_unconfounded,7,20000,7921,1.4721495337855043e+308,22,False
fast_gcstar_cgc,order3_unconfounded,8,20000,0,6.441628943650372,22,True
fast_gcstar_cgc,order3_unconfounded,9,20000,0,4.403741377446537,20,True
fast_gcstar_cgc,latent_common_driver,0,20000,0,6.618708650105695,11,True
fast_gcstar_cgc,latent_common_driver,1,20000,0,4.550453939173484,5,True
fast_gcstar_cgc,latent_common_driver,2,20000,0,7.664417979425118,8,True
fast_gcstar_cgc,latent_common_driver,3,20000,0,6.826989375737288,11,True
fast_gcstar_cgc,latent_common_driver,4,20000,0,5.14855061355278,9,True
fast_gcstar_cgc,latent_common_driver,5,20000,0,8.757696066411057,11,True
fast_gcstar_cgc,latent_common_driver,6,20000,0,6.0670428473403435,9,True
fast_gcstar_cgc,latent_common_driver,7,20000,0,5.926047219367208,13,True
fast_gcstar_cgc,latent_common_driver,8,20000,0,9.34007076610915,12,True
fast_gcstar_cgc,latent_common_driver,9,20000,0,4.750426458060331,7,True
fast_gcstar_cgc,variable_lag_unconfounded,0,20000,0,9.638975335030791,17,True
fast_gcstar_cgc,variable_lag_unconfounded,1,20000,0,4.004317432024343,15,True
fast_gcstar_cgc,variable_lag_unconfounded,2,20000,0,4.38110950833998,16,True
fast_gcstar_cgc,variable_lag_unconfounded,3,20000,0,5.332644234544481e+236,19,False
fast_gcstar_cgc,variable_lag_unconfounded,4,20000,0,5.673124353670795e+21,19,False
fast_gcstar_cgc,variable_lag_unconfounded,5,20000,0,8.312056893790434,21,True
fast_gcstar_cgc,variable_lag_unconfounded,6,20000,0,4.68045025541276,22,True
fast_gcstar_cgc,variable_lag_unconfounded,7,20000,8213,1.5262754684816165e+308,19,False
fast_gcstar_cgc,variable_lag_unconfounded,8,20000,0,10.080629740138596,17,True
fast_gcstar_cgc,variable_lag_unconfounded,9,20000,0,4.414089774243699,19,True
fast_gcstar_fcgc,order1_unconfounded,0,20000,0,9.249831011706583,11,True
fast_gcstar_fcgc,order1_unconfounded,1,20000,0,6.773419336321764,13,True
fast_gcstar_fcgc,order1_unconfounded,2,20000,0,4.2188247639253,7,True
fast_gcstar_fcgc,order1_unconfounded,3,20000,0,4.040268605198719,11,True
fast_gcstar_fcgc,order1_unconfounded,4,20000,0,7.605818884398244,12,True
fast_gcstar_fcgc,order1_unconfounded,5,20000,0,4.796604459616288,12,True
fast_gcstar_fcgc,order1_unconfounded,6,20000,0,5.584083805081599,12,True
fast_gcstar_fcgc,order1_unconfounded,7,20000,0,7.4433028117956885,12,True
fast_gcstar_fcgc,order1_unconfounded,8,20000,0,4.352222785478945,14,True
fast_gcstar_fcgc,order1_unconfounded,9,20000,0,6.737062703890352,13,True
fast_gcstar_fcgc,order3_unconfounded,0,20000,0,5.615186809795928,20,True
fast_gcstar_fcgc,order3_unconfounded,1,20000,0,4.010829651620106,17,True
fast_gcstar_fcgc,order3_unconfounded,2,20000,0,4.396307170795328,19,True
fast_gcstar_fcgc,order3_unconfounded,3,20000,0,5.966557095214817,23,True
fast_gcstar_fcgc,order3_unconfounded,4,20000,0,1.245201375105794e+157,23,False
fast_gcstar_fcgc,order3_unconfounded,5,20000,0,8.312056893790434,24,True
fast_gcstar_fcgc,order3_unconfounded,6,20000,13924,1.4837107086648244e+308,23,False
fast_gcstar_fcgc,order3_unconfounded,7,20000,7921,1.4721495337855043e+308,22,False
fast_gcstar_fcgc,order3_unconfounded,8,20000,0,6.441628943650372,22,True
fast_gcstar_fcgc,order3_unconfounded,9,20000,0,4.403741377446537,20,True
fast_gcstar_fcgc,latent_common_driver,0,20000,0,6.618708650105695,11,True
fast_gcstar_fcgc,latent_common_driver,1,20000,0,4.550453939173484,5,True
fast_gcstar_fcgc,latent_common_driver,2,20000,0,7.664417979425118,8,True
fast_gcstar_fcgc,latent_common_driver,3,20000,0,6.826989375737288,11,True
fast_gcstar_fcgc,latent_common_driver,4,20000,0,5.14855061355278,9,True
fast_gcstar_fcgc,latent_common_driver,5,20000,0,8.757696066411057,11,True
fast_gcstar_fcgc,latent_common_driver,6,20000,0,6.0670428473403435,9,True
fast_gcstar_fcgc,latent_common_driver,7,20000,0,5.926047219367208,13,True
fast_gcstar_fcgc,latent_common_driver,8,20000,0,9.34007076610915,12,True
fast_gcstar_fcgc,latent_common_driver,9,20000,0,4.750426458060331,7,True
fast_gcstar_fcgc,variable_lag_unconfounded,0,20000,0,9.638975335030791,17,True
fast_gcstar_fcgc,variable_lag_unconfounded,1,20000,0,4.004317432024343,15,True
fast_gcstar_fcgc,variable_lag_unconfounded,2,20000,0,4.38110950833998,16,True
fast_gcstar_fcgc,variable_lag_unconfounded,3,20000,0,5.332644234544481e+236,19,False
fast_gcstar_fcgc,variable_lag_unconfounded,4,20000,0,5.673124353670795e+21,19,False
fast_gcstar_fcgc,variable_lag_unconfounded,5,20000,0,8.312056893790434,21,True
fast_gcstar_fcgc,variable_lag_unconfounded,6,20000,0,4.68045025541276,22,True
fast_gcstar_fcgc,variable_lag_unconfounded,7,20000,8213,1.5262754684816165e+308,19,False
fast_gcstar_fcgc,variable_lag_unconfounded,8,20000,0,10.080629740138596,17,True
fast_gcstar_fcgc,variable_lag_unconfounded,9,20000,0,4.414089774243699,19,True
